Name,Number
Akanksha ,+919205498618
N/A,N/A
Keyur,+919003726824
Purushotham S,+919886488639
Prajwal ,+918152015696
Mayank ,+918660468840
Mollishree Soor,+919886186379
Doel ,+918308894184
Yajnesh ,+916363234811
Mamatha Reddy,+919353430080
Badri Vishal Singhal,+919425630144
S jain,+919686140078
Mohit Parcha,+919915862691
Sara Tanveer,+919036714311
Ashwin,+919566477876
Anshika Garg,+918310615669
Vaibhav,+917760520292
Devishi Srivastava ,+917404370104
N/A,N/A
Vimal Gandhi,+919513349049
Miruthul ,+919159715289
Falak,+918050799241
Mudit Mathur,+917014425895
Ashok Patel,+919983756769
Ukesh,+919003847728
Prajwal ,+919019308425
Akhilesh Deshmukh,+919900774121
Chaitanya,+919035896532
Chandan Gupta,+918700491144
..,+918851789837
Jay,+917892186945
Burhan ,+919483645695
Garima,+919855084891
Krishna ,+919620044044
Simran,+919490886788
Shreyash Suryawanshi ,+918618662847
Bharath,+919989843598
Akshay V,+918105921836
Ishwar Varshney,+917599243301
Vivek Singhal,+917278462850
S Nikil ,+919488259465
N/A,N/A
Shubham,+919448407711
Sanjana,+917022731914
Shubham,+916377241757
Rahul,+917093047080
Roshan,+917981962501
Raghu ,+917815093995
Nansi Mishra,+918447870863
Greeshma Reddy ,+918121115557
Anil,+919922885453
Arunkumar Ganesan,+918098284009
Anfaas Qureshi,+917974471702
Firoz,+919953523489
Dr Sudhir Anand,+919886181992
Vigyaat ,+917985445768
Abdullaziz Alshmrani,+918951052292
Harsha ,+918970668994
Phani,+918977032770
bijoy laxmi biswas,+919749033085
mazina,+918981347904
Saksham,+916283827523
Dhaxitha ,+918050143195
Pragyan Bimali,+919606119324
Varun S,+918610664192
N/A,N/A
Soumit,+918927876631
N/A,+917019047782
Nithin,+918940059440
Kunal Jain,+919669428926
Gopal Singh,+917424835759
N/A,N/A
Benjamin Zorinsanga,+917642818587
Thej,+918848748228
Hari,+917559879245
Nishith Raj ,+917053288077
Veerasekar ,+919916333478
Seema,+919620201798
Divyani,+919717380533
Ankita Gaharwal,+917999676410
Ravi,+918146129630
priyanshi rana,+919588503177
Lalit,+918088417157
Vijay R,+918610776082
Ishita Jain,+918989278224
Rajni Negi,+919999991831
Som,+919515251823
Mir Raza,+919448756467
Shoaib ,+917045033880
Tanya Gijy,+919731351604
Shreya,+918210441714
Gowtham Nudurupati,+918639038475
Avinash,+916364913912
Paras Watts,+919464556153
N/A,N/A
Rutwik Ajmera,+918320179370
Keerthi S ,+918618888974
Shraddha Singh,+919506880005
Prashant Kolambekar ,+918448581849
Mamtha,+919741326914
Yogesh Malhotr,+919711069648
Rohit Perla ,+917406079166
Akshay B G ,+919008690027
N/A,N/A
Yash,+918925108047
Vaishnavi ,+919380966330
Nidhi,+919620817954
Kajal,+919731495515
Prathibha ,+917337614819
N/A,N/A
Rajesh Balakrishnan,+919746459046
Somesh ,+916370322235
Radhika Sahni,+919811876704
Prashant Pal,+919958682205
Abhinava,+917483206211
Debangsu Roy,+918276820402
Deepanshi,+916398933070
Rajat,+918667803472
Nitya Raval ,+919825503459
Anita Joshi,+919980605298
Divyam Bajal,+916006968143
Paresh Patil,+918200788086
Bhanushray ,+919571144847
Zarnain Syed,+918806686402
Rituraj Ghogre,+918446605593
Jyotilakshmi,+917085107521
Dhvani Shah,+919922178111
Adiya Raj,+919341157250
Vaishali ,+919632367475
Medha Saxena ,+917505458008
Abhay,+918951663635
Kumar Adarsh Pandita,+919370241264
Rohith,+919880758036
Hammad,+918527645745
Pravij Gupta,+918953884509
N/A,+918878463149
Akash Patel,+919157148911
Nishitha A Shetty,+917625096336
Harish Gupta,+917003379527
Sourabh,+917899398343
Nita Mital,+919535998447
Abhishek J,+919071154538
Kapil,+917204272727
Ananya,+919515134737
ASHMITA DEY ,+917908681750
Gurroop Singh Gill,+919877743465
Godwin Rayen,+918778974646
Isha Mehta,+917019768402
Janesh ,+919110343926
Nayana,+916364182999
vivek raghupathi,+919900005469
Rahul Karmkar ,+918877001717
M Sravya,+919959381832
Chandan,+919632400883
Anupam ahuja,+919983344009
Kamlesh Patel,+919727011811
Max,+919142924224
Bhumika S,+918050080589
Anubhav,+919019452428
fiza chhuvara,+917567185958
Kartik goyal,+918800156242
Sameer,+918100543455
Sonali Sethi ,+919718897828
Sweta singh,+919742963000
Akshat,+917485053355
Aditya Singh,+919039420396
Dr Sushrit A Neelopant ,+918095135404
Mukul,+917888319067
Suyog Parkhi,+918552865411
Mariya,+918169034270
Amani,+919493522142
Atul Kumar Singh,+916396587845
Vaishnavi Korlahalli,+919480189654
Mayura Sachin ,+919986024594
Bharath ,+919902154252
Aditya ,+917337732018
Pramod,+919843933276
Chandrahas,+917780631872
Ashish Sharma ,+919769611848
Shivam Bakshi,+919833370702
Sweeti Sharma,+919773622203
N/A,N/A
Alahuddin ,+919880007386
ATHMI ,+919901267397
Shikha,+919582966020
Test-User,+918888888888
Zzz,+918807141631
Aaditya ,+918123899087
Muhammed Ranif Kc,+918547178035
Shubham Rao,+919406611134
Yogesh ,+919964182196
Jagrit Drolia,+918507464140
Nadine kh,+919980523732
D Name,+918431603091
Ayesha,+919920754294
Divya,+919902163216
Albino ,+917709789540
Paras Lubana ,+917988483810
Gowtham ,+919841245670
Ajit,+919934917582
Ritwik,+917299364376
Deeraj,+918073700082
Priya,+919789081801
Naman Tiwari,+916202216687
Hena ,+917994028876
Harsh Gupta,+918130087011
Saurav ,+917903297436
Jijo Xaviou,+919495846315
Shanmukh,+917496883816
Sameer Gupta,+918527178439
Test ,+919986644737
N/A,N/A
Sham,+919964547913
Vyshak S Kumar,+919900612064
N/A,+918530911484
Laeequllah Khan Mansoori,+919035706734
Suneeta,+919900113905
Jeethmull ,+919042201766
Sai,+919640240954
Tanmay Maheshwari,+918824314740
Rakiul Islam,+919674998977
Akshat ,+917014130830
Abhishek ,+918386975565
Tousif,+919945651651
Sreeraj ,+916282546415
Moon,+919845378596
Mubashira Banu,+918904140778
Thilak,+916379282817
Nishant Chandnani,+919986829717
Siddhartha,+916381988261
priyanshi,+918420406377
Shrikunj,+919353080641
Vishu Kammar,+916362280716
Chinthana,+919353772323
Reha,+919029460095
Joel,+919080207387
Momoin,+919148318352
Deepak Paswan,+919720755696
Sreejitb,+919606234670
Kripa Loonker,+917791007991
Pavan Mungmode,+918412906820
Abhi Tiwari,+919005857453
Akhilesh Marturkar ,+919380263688
Jaya Surya ,+919487205589
ayush saxena,+917395919230
Meghjit Bose,+919901109601
Sneha Sridhar,+919884920347
Satvik varma,+917899834351
Aman,+917792847047
Arjun Udayavarma,+917306593804
Bensten Shibu ,+918281099532
Abhinav G Nadig,+916364862118
Krishna,+919490760664
Krish,+919972433433
Shruti ,+916265147530
Satyam Tripathy ,+919040432669
Rithani,+919360886005
Lleroy,+917708076777
Aswini,+917013979900
N/A,+919008071100
Tanmay,+917984915381
Tomin James ,+916909068136
Sheetal P,+919449284599
Yogesh Ratudi,+918424803522
Ritika,+919650621141
Gunashekara S ,+919886412424
Syed Fatha ,+918754645575
Prithvi,+916299923849
Unmesh Waghchoure ,+918698329074
Shruthi S,+919980122970
rajeev singh,+917569281587
Pankush Jain,+917040084800
Utkarsh,+918437303337
Marlon Rodrigues ,+919130665806
Varshith,+919666612583
Bhumica ,+916361998592
Vishal Bansal,+919991188555
Arinjoy ,+916289598994
Mustakim B,+917063231918
Vinita ,+919582553978
Premanand Jha,+918884639416
Kamalesh M,+918148310238
Manas,+918847279863
Jeetesh Saxena,+917905949026
Kumar ,+919490004436
Krishna Sai,+918919752147
Sunny,+918638735682
Jatin ,+918291447355
Suyash ,+919022959316
Swati Prabhu ,+919880235687
Divyanshu Chowdhary,+919999519126
Darshan Bafna,+919964445541
N/A,N/A
Ayush,+919560084296
Janani ,+919361180252
Minhaj Uddin,+918011181052
Pooja s,+917349074002
Nimai Roul ,+919064385083
Ritu Raj,+918088764544
Karan,+919327717350
Deviprasad ,+917019929395
Soneeka,+919731781037
Sangeta ,+918637899348
Harish V,+917760226279
Prajwal ,+918431176863
Lakhendra Kushwah,+919773915618
Aniket,+919638655443
Rajendraprasad,+919900955958
kirti,+919998381021
Spoorthi Sakri ,+919538088157
Kushan,+918105059787
Aditya Pandey,+917294194552
Sneha,+919686477287
D Rani,+917829752637
Binoy Tanti,+916900913237
Gauthami,+918095113095
Akarsh,+917080639383
Arun Hebbar ,+917026467955
Shrisha S,+919986303980
Anirudh Deshmukh ,+917083807999
Dhruv Khanna,+918977945368
Ajay Gaonkar ,+919890959457
Nikita Singh,+918296786101
Sk,+919370624119
Testing,+917876613739
Ff,+919113807824
Yash ,+916363251452
Alexis Megan Wilkins ,+917001898015
Niveditha Thantla ,+919080404329
Bhargav MB,+919738860916
Sham,+919986560695
Tom Varghese ,+919446921056
Bala Vignan,+919740661900
Mayookh,+919496798130
Ankush Dixit,+919990995507
Abby Abraham ,+918547934424
Ariyan ,+918050740813
Priyanka,+917795213406
Arushi Chirania ,+919833993677
Aryan Jaiswal ,+919827311668
Ramesh,+919591398314
mohit mishra,+919987701231
D Dharani Kannan,+919986393062
Suhail Ahmed,+919119814989
Ashrita Pradhan ,+918260810942
N/A,N/A
Rijad,+919544400057
Prerit Singh,+917903658383
Jaswanth Reddy,+918919740573
Cleon,+919113023436
Tulsi,+919686440676
Pranav ,+919911402026
Krithika Manohar,+919886760352
Sweta Agarwal ,+919742956096
Abhi,+919911596909
Priyanka P S,+919008870354
Prathibha Raghavan ,+918197463012
Shikhar Agrawal,+918599812216
Nithinn,+919344603344
Vishal,+919742209117
Chandan Kumar,+919168443838
Radhika Ganesh,+917305777121
Grey,+917090082222
Jyothi,+919916857347
Ritama Dey,+917908605063
Aaryan Gupta,+917007953603
Shiva ,+917235867207
Anushka,+916200497858
Joyjit Chakravorty,+919916088648
Shweta,+919923778404
Satya ,+919989600861
Vighnesh ,+919591169860
Sahil Maurya,+919757344146
Manisha,+919390445288
Prajjawal Agrahari ,+919026903167
Aditi Prasad ,+918858237946
Vir Abhimanyu Singh,+919813759540
Rahul Das,+918802039688
Sandhya ,+919884910334
Logaraj S,+919047690335
Shrikant,+919663602323
Anaghesh ,+917847880074
Shashwat Kumar,+917764911081
Ronnie Thomas,+918095144222
Vishwa,+919035562503
Anubhav,+918637898405
Sonu Kumar,+917260919008
Srinivasan g,+919940515368
Deepika ,+918904700898
N/A,+919825199789
Janhvi Krishnatrey ,+919582154193
Puja Tokdar,+919740135359
Mohammed Sabith,+919778773394
Jasper,+919003305348
Rakshit Chatur,+918619715546
Bala,+919632391003
Nitin ,+919142414944
Amulya Sharma ,+919805598524
Prarthana Rajan,+919731949375
Deepak N P,+917348954389
Dwarakanath ,+919741365215
Sagar,+918200228476
Hydros Koya Thangal,+919846234643
Hrishika Vats,+918123106601
Tejesh,+919632089935
Ashrit Katikaneni ,+919988917777
Gagan,+919886349100
N/A,N/A
Samiulla ,+919113577981
Sanchi,+918957101965
Harjeet,+919654957601
Shruti Vishnoi ,+919148476204
Sayan Mitra,+919332429359
Farhan S,+918861158797
Shobha,+919845405173
Chethan,+919483177149
Aishwarya ,+919448270999
Jishu Dayal,+917257973068
Amrendra Kumar Pandey ,+919390999174
Thejus ,+918590368734
Deepanjali ,+919945749175
Radhakrishna ,+919845774832
Mal,+916261059900
Manikanth Patil ,+919108332298
Harsh,+917379002640
Ashirwad ,+918793009454
Naman Kumar ,+918539867162
Akul,+917427065945
N/A,N/A
Shahin,+917994469452
Hari,+918459084957
Mahesh,+919620620303
Kiruba Nagini R,+917010546700
Anmol ,+918076873107
Shru,+918147403582
Pradeep Kumar Yadav ,+919538887631
Anant Bharadwaj,+919538006503
Jai singh,+919891457776
Utkarsh Verma,+917541069487
Anirudh Chawan,+917349138786
N/A,N/A
N/A,+918961304364
Yash,+919535618329
Sheetal Zambre,+917738539410
Shilpa Ravi,+918095598973
Hrithik,+918107038272
Lisha Jain ,+919538133201
Hiba Danish ,+917022202001
Jordan,+919362861403
Yasar Syed,+918123339619
Mudit,+919090023101
Dhishan,+919980604855
Sinchana ,+919945500328
Angel,+917067355667
Saroj Kumar Nayak ,+917978083853
Sunitha,+919177080525
Bramhendra ,+919739449383
Shams,+917338322287
Ragu,+919442580549
Nawajish ,+918789847247
Jay Bhatt,+918320057124
Tejeshwar Pasumarthy,+918712287164
Asif ,+918217035885
Joyal,+919496358831
Shaz Ali ,+918129366166
Harshit Dhanuka,+918875882020
N/A,+919817428295
Keshav Kumar,+918051063256
Siddarth,+919030252552
Saikat Basu,+919916222285
Jasmine Grewal,+919711271926
Hanamant Dodamani,+919739828765
Naveen Kumar,+918310347682
Mohammed Shoaib ,+919380597118
Priyansha,+919078790198
Mrityunjay Pathak,+918793089896
Karteek,+919632142762
Lokesh,+919182227066
Krish,+919831781024
Akash,+919013045008
N/A,N/A
Priyamvadha ,+919176039627
Indhu,+916238726408
Guru,+919380346127
Ayush,+918197210333
Sakshi Sharma,+919697164080
Bela Doshi,+918277169080
Kesava,+918919092579
Daniel,+919380273438
Nachiketa ,+917075151191
Sanjay,+918892960585
Rahul Pradhan,+916370134210
Léane Mercier,+917795719731
Manojkumar K,+917411403935
Jeevan Lingappa,+918714229914
Amit,+919971484784
Devendra Kumar,+917903316122
Sona,+919873809952
Deepa,+919535952907
Dev Wahi,+918860407250
Sarfaraz Rahut,+919353071569
Sahil,+919888677012
Natasha Chetan Nanda,+919449979939
Binerjit ,+918014246698
Goutham ,+918660829717
Sk,+919176234749
Bijoy G,+919972097507
Rohit K,+919922343009
Saksham Srivastava,+917376971700
Rahul Gautam,+917465081922
Swathi shetty,+919743594498
Saif,+917483186826
Asif ,+918970821000
Uma,+919731748639
Avanish Srivastav,+917338395757
Pranav,+919380545224
Uv.Rajssh,+919959420033
Nalini Venugopal ,+919845548702
sairam thotakura,+916303844857
Samriddhi Agarwal,+916361174651
Kiran Maria George ,+918105714094
Venkitesh ,+919656984161
Madara Uchiha ,+917019252291
Deepa ,+917022514071
Sudhir Singh,+918890027797
Prakash ,+919019418326
Mrugank Dave ,+919638503391
Pravalika,+917348953386
Amit,+917855022537
Praveen ,+918904127749
Milan,+918951743052
Srijan,+916387826014
Srishti Yadav,+919717669517
N/A,N/A
Rohit Kulkarni,+917026229100
John ,+919980287654
SUHAIL ,+918904338100
Syed Mudahhar ,+918754963052
Afzal Mubeer,+919963394194
Roshan,+919686572797
Mohit Yadav ,+919193489198
Harikesh singh Singh,+919742435641
Uma maheswara Reddy Goda ,+919553216415
Pruthvi,+919972715649
Vamsi,+918985754086
Soham Datta,+918910894885
Atharv Baranwal,+919450859402
Kriti Dubey,+917004634151
Sanit,+918826828686
Rakesh,+919063025852
Manas Kankane,+917000439567
Nafia ,+919535870621
Keshav Rathod,+918105149703
Snehal P,+919503390149
C Sreevidya ,+918884012999
Harshit Khandelwal,+919359157352
Neetu,+917870180696
ardhra subhash,+919847017953
Himanshu Agarwala,+919831980016
Sneha,+917829447679
Fareeha hussain,+919682331174
Ankit Suri ,+919620937172
Yunus Sheik,+919916904466
Maryann Lurshay,+919886224488
Aankit,+917978485889
Dlon,+918778132909
Nailah,+919980069505
Pooja Mishra ,+917254981415
Dev Jain ,+918460671202
Santosh Boda,+919886386999
Suresh Kaashyap,+919880768077
Gobindo Muchahari,+916364925917
Srinivasan P L,+919945626400
Ojasva Diela,+918225918569
N/A,N/A
N/A,+919611195020
Sarika,+919686158923
Rishik Darisi,+918897394920
Ayush Sharma ,+919755388577
Dipit ,+918780477548
Kriti Gowda,+918050064090
D Roy ,+918217476136
Rajarajan,+919500430467
Somnath ,+919931999671
Bharat,+917899462981
Yokesh,+919176669172
Sravan Nemani,+917288937999
Avinash Pandey,+917985649194
Suryakant Tripathy,+919439255000
Pranjal Thukral,+917455837350
Atul Kamat,+918310885919
Rachit Mishra,+918840322832
Debjani,+919830203608
Manich,+919950961056
Prasanth Mamidi,+918861818116
Bhagyalakshmi R,+919168491118
saharsh ,+918219197578
Akansh Raj,+918271670980
Jagadish Sai ,+919010013796
Manu,+916360988362
Kedarnath ,+919591484669
Khushi Sharma,+918918661616
Yash,+916366770193
Mahisha ,+919500305784
Vivek Kumar,+919099033709
Itisha Sharma,+917000719651
Ishaan Sajnani ,+917428228787
Revanth,+919492891337
Shraddha Stuti,+918091706703
Himani Sabharwal ,+919583178676
Smita N,+919972248723
Adarsh ,+917012886276
Karthik ,+919035566016
Joyce,+918976160510
Yasin,+919869639017
Varun ,+918904141999
Ruchita Chavadi ,+918970413591
Divya,+917619379588
Nikhil,+919838598004
Nikhil Jagwani,+919977430443
Shilpa Agarwal,+919354377046
Tanu,+919622812344
Vinson Raymond Serrao ,+917899032990
Pavan Kumar,+919108745450
Shivam,+918423167542
Saketh ,+917709715825
Sampada I.,+917875404530
Aditya Srivastava ,+919279889462
Anthony Michael,+919480629214
Suvrodeep,+919836546431
Hemanth Kishore D ,+918277470646
Kritika,+918294473434
Abhishek B,+918105508550
Sajmal,+918714268343
Sushmanth,+919391495835
Srinivas Y,+918971833366
Saiteja,+919553165227
Vedika,+918073623257
Sandeep Muralikrishna,+919663782434
Tushar Agrawal ,+918826710665
Mahesh,+919972008162
Nisha,+919620940097
Shabarish ,+919952901380
Pratyush mohanty,+918093628248
Vinod Kumar,+917735154591
Yash Kabra,+918875820349
Priyansh Sinha,+917447464921
Ap,+919972120202
Safwan ,+919400546125
Siddhant Sarda,+918152021174
Manak Ram,+918197973810
Shivam Jaiswal ,+919073313566
Prxkdjctiksha,+918847782756
Shivanshu Singh,+917309161966
Kanishk,+919753183077
Manjunath ,+919964282071
Abhishek Jaiswal,+917587436020
Madhu,+918861483162
Sujal Kedia,+919907487671
Pratham Aggarwal,+919355942662
Meghana N,+919916994403
Kumari Shalini,+919933442435
Hardil Randhawa ,+918679116302
Jawahar,+919445456388
Kuldeep Gogoi ,+918099880272
Anisha,+918376022101
John Millton,+919894405577
Mohammed Unaise,+919916040886
Nishanth M,+918762639623
Kaif Ansari,+917309780820
Rima NARAYAN,+919481483761
Swamy,+917353508638
Himakshi Rustagi,+919818593501
Shubham Chawla,+918078630803
SP,+917975699010
Shubham,+919828400613
Ship,+919902230975
Animesh,+919538397545
Karan,+919871675698
Devesh,+917575012916
N/A,+917975785478
Aman Srivastava ,+917909026292
Gary,+917338992862
Vivek ,+918129344712
Shahala,+919061421015
kangkan,+917002261168
Karan,+918199947333
Archith,+919526747205
Balaji,+916364351720
rohit kumar,+919015025662
Yash Kalaria ,+919699217126
Anshika,+919034646059
Sonal C,+919986271085
Suhas,+918151821817
Deeraj ,+919738501201
Sahana,+917259991432
Mohan,+919381667383
Mary ,+918637451854
Swapnil,+919409216264
Shamanth,+919113643052
Tallam Sasidhar,+919441025946
Sparsh Murarka,+919674027898
Anand Vardhan,+918294834387
Yashaswee Kesharwani,+916387408210
Shabbir Madraswala ,+918263052920
Upinder Walia,+919056633417
Anwar,+918891407834
Amar Mathapati ,+918861353382
Zameer,+919060003003
Nusrath,+916361344867
Kumar Shantanu,+919663754504
Hasan Akbar,+918050098388
Kushal Jain,+919148310207
Nigar Anjum ,+918105616615
N/A,N/A
Harsh Gopalani ,+919173211243
Revanth,+919791986760
Bharti Sagar,+918585912703
Sahil Sharma,+918679222020
Bhuvan D,+918088365415
Anwar,+918921207834
Shoaib ,+918050556895
Khush,+918879650142
Raju,+919481172775
Siddharth mittal,+917739045000
Amrita,+917549528653
anishikar singh ,+919116280044
Vishakh,+918618315529
Ritesh,+917090383056
Deepak ,+919900906541
Tanishq ,+919908522448
Niki,+918660997212
Nupur,+916264934334
Moham,+919345293606
Siddharth ,+918860930480
Bhavya,+917760535868
Manjeet Singh Dhami,+919620984567
Latha Ravichandran ,+919945012270
Akshit,+917895349749
N/A,N/A
Shubham,+917019213187
Bhuvan ,+918088179470
AKSHAY,+919742588940
Rahul P H,+919071263500
Sujal ,+919141528252
Swamyy,+919845222233
Naveen,+919944693637
Anupam Garg,+919971833973
Moufidat Amadi,+918296180823
Amit,+917978946970
Sanjeev Ranjan ,+917627095917
Kavya,+919148169748
Riya,+919131538036
Pawan Joshi,+919639543995
Sumit Das,+919903077062
Shivani,+918141235811
Sushmita Nayak,+918447728048
Pranay,+918553272705
Rashmi Santhosh Kumar ,+919886696955
Utkarsh,+919106747428
Avinash n,+919036044415
Shilpa ,+919480654337
Aishwarya G,+919731999113
Nishit Nilay,+918935980777
Osheen ,+917259029312
Lokesh,+917396629284
N/A,N/A
Dinesh Divya,+919949308797
Hh,+919217395894
Allan,+919995470010
Kishore Poojary,+918197058601
Vidyasankar,+917095950354
Raghav,+919179126399
Harshith ,+917204223933
Sankalp Kumar,+917903775343
Juno,+919148579171
Lydia anna Prasad,+916362912255
Muskan ,+919886400305
Usman Mufti,+919682194502
Vishnu,+917259256254
Vidhi Tiwari,+918223055178
Luvena Rangel ,+919886726888
Prithvi ,+919167440248
Vaibhav,+918669403580
Kewal,+919022569903
Saurav Rao,+916377765565
Dhruv,+919818055114
Babrubahan Mishra ,+919090823576
Vibin,+918220753750
N/A,N/A
Soham Roy Chowdhury ,+918826310011
Zakirullakhan S ,+919986008587
Himasree ,+918309035236
Himi Khare,+919714001182
Tarun Jain,+919552011751
Harshvardhan Singh,+918318096932
Vidula ,+919108437227
Arjun Michael,+918431092193
Sahithya,+916309715646
Muskan Banthia,+918531080526
Sandeep Kumar ,+919535753142
Lingeshwar ,+919360924842
Rahul singha deb,+919564101669
Shivam Singh,+919901370912
Bina Belani,+918054898989
Chandan HR,+919980713836
Mohammed Athar ,+919884407276
Yash Gupta ,+919039308422
Rishi,+919000012326
Ankuran Keot,+919435491599
Santhosh,+916300699625
N/A,N/A
Vyshakh Raveendran ,+917356566964
Ayush Yadav,+919198517250
Kriti kohli,+918840706251
Rajeev Gupta ,+919916599999
Rachit Jindal,+917417421335
Vineeta Kukreti ,+918447413593
Saummojit bala,+919632736981
Kishan ,+919661802634
Shakthi,+919880011175
Syed Mahboob Pasha,+919844107655
Deekshith ,+919844255167
Akash Shetty,+919886812848
Sameer Shrestha ,+918910438487
Bhavy D,+919589574381
Jyoshitha Pechetti,+919113845480
Sunny,+919066668332
Sai,+917075747159
Vishal,+919036308853
Najum Shaik,+919900999056
Anand Mandal,+916301997310
Lalit,+917045564796
Test,+917799100870
Sardar Basha Patnool,+919949167087
Rituparna Padhi ,+917008329576
Shweta,+918848877597
Shalini Shivasharanappa,+917483511148
Aajad Afnan ,+919030173000
Kashif ,+918904608047
Vikram Aditya,+918431942887
Simran,+918219188060
Ramaa shankar ,+919845028516
Isha Dev,+917903966024
Arham Dharewa,+919830355298
Prashith c hegde,+918296026810
hetal ,+919960444543
Kumar,+917676491665
Arpan D,+918584054656
RS,+916363330611
Jo,+918075260961
N/A,+918983998030
Muskan Gupta,+918088295403
Chaitanya ,+919866626555
Charumathi Supraja,+919449062588
Prasana Kumaar,+919902796004
Ayush Jha,+918421622417
Sanjana Govande ,+919606603267
Aravind Ravi,+917418897319
Sonal,+919579817067
Raghu,+919538905505
N/A,N/A
Shubham Khowla,+919801021526
Sarthak Sharma,+918299543907
N/A,N/A
Prashanthi ,+918746066665
Sujahu Namshid ,+919895642391
Krishna ,+916363704628
Sridhar Kotha,+919019066994
Tejeshwara.O U,+918088522765
Priyanka ,+917411647531
Naman Bhardwaj,+919013473552
Arushi upmayu,+919902390670
Das,+917892845436
Akshay,+918341281678
Ansuman ,+917008365602
Ananthu Raju,+919446595495
Mukarram Patel ,+918904573343
Sujay Kumar YS,+917829981173
Kashyap,+917259348237
Subham,+917788918596
Ajay Dev,+917907071840
vinit agarwal ,+919204441162
Kshitij Takiar,+916376405526
PIYUSH KUMAR ,+916361063345
Aditi,+918238582206
Alannis Salil ,+917594088715
Mallikarjuna Gowda,+919902411261
Shravan ,+918123200677
Devendra Kale ,+918530282103
Roushan kumar ,+917903816986
Mini,+919880476846
Imran s,+919788335029
Dr venkat,+918861470921
Kalyan,+918073837430
Kushagra Kumar,+918547664297
Khushal Handa,+919522589019
Ashushena ,+919483900036
Winie,+919972019936
Jyothi Rajagopal ,+918310349323
Neeshad Kumar Sakure,+917406606102
Rajashri Bhat,+919940192306
Eswar Krishna Maganti,+917032278313
PG,+917003865965
Jitender,+919535828189
Ajith ,+919600851495
Amala Rose,+919497026427
Afraz H,+919599126836
Sunith,+916361249069
Alisa,+919337315922
Aarti,+919811661399
Ravi,+919886930534
N/A,+919330571769
Gautam,+919877681262
Salman Qazi,+919502958494
Syeda ,+919611233870
Nawaz,+919618491911
Rahul KR,+919448423513
Pratanu,+917003350594
N/A,N/A
test12,+916666888800
Aditi Gadre,+918779295369
Raazi,+919591364283
Parth,+918306981858
Vinayak,+919619329103
lskdfj,+918319472814
Roni,+918918373127
Anvay Nagarkatti ,+919880044306
Mugdha Dhar,+918770384038
Sumedh Inamdar ,+919972366952
Hari,+918807677392
Navya,+917330824449
DIPSHIKHA DUTTA ,+918697136871
Sachin,+917676359081
krishna pandey,+918421202052
Dileep ,+919573403802
Mandeep Singh,+918011411513
Gita Chatterjee,+919933096677
Harshita Motwani,+917694928278
Aditya Agarwalla,+917766924434
Sneha Singh,+918789172682
Prajith,+917902442987
Ankita Verma,+918095424264
Jay Ashwin Jadhav ,+918928404294
Nyaken Riba Karko ,+918257935200
Sai Lokesh Raajah,+918778989871
Dhruv Patil,+919110891914
Sadek ,+919547504894
Juzar,+919893183727
Mehar,+919669435380
Vidhi Agarwal,+917042315146
Akash Sarawagi,+919674742222
N/A,N/A
Faheem ,+918296614875
Saket sawhney,+918800616991
Varaa Sharma,+919818063632
Kanika,+918178392166
Guru,+919867790330
Nagaraj hegde ,+917022412143
Akhil P Nair,+919446035437
ShanmugaSundaram Ravichandaran,+919047265046
N/A,N/A
Argha Dutta,+918918768701
Atul,+919911401781
Goutham M S ,+917795002479
Ammar ,+917349327704
Priyanka,+917337728434
Akash Shaw,+919432557922
Hemang,+919599019073
Sourabh Roy,+919983377995
Argha Ray,+919591916712
Souvik Karmakar,+917439186916
Janya V Gowda,+918073391886
Rajnish ,+918299001273
Sova,+919916553432
Nishanth,+919494212151
N/A,N/A
Archana Kapoor,+919686575627
Rahul Aggarwal,+918824690239
Shubham Pandey,+918802166624
P Mahesh ,+919380401132
Shashanka Sharma ,+917259529565
Rahul,+919164234999
Mohit ,+919004393774
Jogendra Mahato,+919748331834
Abyansh Roy,+918110019986
Prabhav Varambally,+917022527911
Naman Nanda,+919643750642
Jyotinmoy Chatterjee,+919679203555
Jiya,+916363620626
Nima Dorjee Tamang,+918637053133
Abhijnan P Revankar,+918867580608
Prabhav,+919110449419
Shashank,+919481643862
Suba Shree ,+918778073770
Trishita,+919967310501
Parv,+917892065282
Ram,+919718512976
KAFEE,+919025099655
Aman Pant,+918755192803
Shubhi Singhal,+918429761051
Arun S ,+919019261073
Aryan Sinha,+916394905815
Anupam,+919953315376
Bikramaditya ,+917432028299
Joseph ,+919158056008
Archita,+917091150947
ASHOK KUMAR ,+919900256371
Mohammed Asif,+918489887206
N/A,N/A
kritagya gupta ,+916209160031
Prakrit Gupta,+919717300760
Xxxccvvff,+919739394392
Rashmi Ramesh,+919108133371
Rahul Roy,+919142770584
Kamesh,+919123545054
Abhishek ,+916204531738
Rajeshwarrao Nerati,+919920800240
Grace Das,+917411502115
Reeja,+918940685343
anuj,+918770158221
Shrey Gulyani,+918929256545
Karthick ,+918431630458
Dev Khandelwal ,+919352276012
Madhukaran ,+918050411026
Sonali Nanda,+919902012545
ravi Naragana,+918019572969
Ragini Meher,+918904643618
Anmol Basnett ,+919611666164
Debasish ,+918105369861
Ram RaJpüt ,+919557559737
Rohan Rashinkar,+918459234878
CJ Dhakal,+917478997204
Roopa,+917676669673
Madhubaalajy Selvakumar,+919965665438
Kirti,+919116617993
Test,+918418933327
Nehal Thakur ,+917975561577
Dileep Krishna,+919995832319
Lora Mishra,+919040528028
P Harsha Teja ,+918985089490
Muskan,+917428688806
Bhavani sukumar,+918217579717
Tahir ,+918826516009
Hirthika Anand,+919845727204
Sai,+919030375197
Sampada Gumansingh ,+919972636662
Ashvin Ravikumar,+919442148415
Deepak Vijayakumaran,+919901941803
Prakruthi Mudal,+919187536538
Raushan ,+916299492602
Sanjana Patil,+919503019046
Prabeen Kumar Choudhury,+917978919042
Syed,+919108535292
Aashish Jha,+916392212223
N/A,+916207334783
Arin Tiwari ,+919399718399
Mitul,+919956466555
N/A,N/A
Jay,+919599715799
Sathya,+918220990732
Rohith,+918247762289
Priti,+919900039645
Loki,+919703780046
Vivek Shetty,+918073297282
Anshu Pandey ,+918840846071
Shubham,+917518725729
Geo L,+919742229070
Abhishek,+917706948253
Ali Rizvi,+919555665027
Karthick ,+919025997599
Srikanth ,+918499880009
Josha Pinkernell,+919071118510
Prashanth ,+917760229256
Akshat,+919717465171
Ashay  Sharma,+918949359415
Surbhi Litkar ,+918988323560
Vanshika chopra,+919779040433
Ramachandra Setty,+919844164116
Prashanth Marappa,+919743232333
Shubhan,+919113937014
Prathmesh Jare,+917030291839
Rajeshwari ,+919619315748
Omkar Patil,+919686046980
Deepa Kumari,+916201421217
Chaitra Deshpande,+917795192416
Mallikarjun Patil,+919739972530
N/A,N/A
Parth Patel,+919601756080
N/A,N/A
Raj,+918884996609
Singh ,+917023043459
Monica ,+918971857643
KMS Homes ,+917349222892
Govind ,+919535798952
Shishir Trivedi ,+917828522833
Ranjit Sahu,+919007002905
AP,+919886568272
Gugan,+919940501523
YALAKATURI SOMESWAR NAIDU,+919440212931
Satya,+919944874548
Deepthi ,+919845506462
Nimesh singh,+919762570586
Shraddha ,+917007303679
Nithish,+919629087040
Mayank Mittal ,+917009972029
RAVIKIRAN RAJANNA,+918095894081
Trishant Kumar,+918112060720
Sagar ,+919341169573
Jenoxwin Drose,+919789377487
Mohammad Azhar Samdhani,+919502583490
M Meghana,+918606851955
Bhargav BG ,+918971034402
Rashi Tibrewal,+919836851952
Syed Pasha ,+918296440025
Roshni,+919496446377
Mohit,+919632297788
Nischay Kumar,+919108558715
Bharath,+918123807827
Keshav,+919389866707
Harsha,+917674061759
Santu,+919632241247
nav,+917837101238
Pankaj ,+917007682159
deepak,+919901490094
Rohit,+916363488160
Rita Chakravorty,+919913115691
Abhishek,+918374679052
Ananya Ravichandra,+919739791971
Atul,+917979749218
SANAPALA AJAY ,+918978357749
Charles Gurung,+916289166750
Demo,+919793340794
Joshua,+918790276298
Jack,+919361281277
Rakesh Kumar Goyal ,+919041860066
Vedant,+916205230025
Anand Sachan,+919999779419
Sarah tauik,+917411134729
Akshaya N Pai,+917483934017
Saba,+918150019965
Yashika ,+917051372004
Sindhu ,+918861436508
Hemanth Koushik,+918074418808
Suyash Pratik ,+918850511596
Sourav ,+917204630199
Anirudh,+918867045530
Chitransh mathur,+918424844768
Alex ,+916364385703
Sneha Tripathy ,+919774383230
Thilakkumar H k,+919108682314
Satwik Pradhan,+917008833661
Ayesha sadik,+916364315090
N/A,N/A
H Akash ,+918073761036
Devika ,+918281743198
Siddhanth B Hoskeri ,+919611923944
Kavitha,+919886584733
Divya Menon D,+919072834720
Somu,+918898389655
Lhakpa Dhondup,+917204111021
Paras Oberoi,+918126505169
Ankit,+919353374121
Nisha,+919002828187
Prajwl,+919900604005
rahuk,+919663332618
Ritwika Saha,+918509694293
Ved ,+917259898968
Ishika Jaiswal ,+919051378953
Jayy,+918123407717
Shainaz,+918884166953
Chethan,+919448083185
N/A,N/A
Disilva ,+919309551658
Yashaswi Sharma,+919958602456
N/A,N/A
Dipanjan Nath,+918753085616
KRISHNA KUMAR ,+917970797116
Devraj,+918884978558
Chinnababu K,+919985541455
Kushal,+919485965439
Sumanth ,+919676042813
Pranav Sharma,+918571025757
Raman,+919711045176
Unnati Kesarwani,+919792684042
Irfan,+919738866630
Suhani,+917417055354
Ravi,+917659857976
SOUMIT BISWAS ,+919739948688
Sumanth ,+917997215871
Ratnam Jha,+919770431014
Abhijeet Sinha,+918884143745
Gowtham Meruva,+919985758938
Mahi,+919741736657
Yash Mehra ,+918950611394
Rajesh KOTECHA ,+918123764111
Sai,+918522821689
Nayan Patidar ,+919827871415
Raj,+917209335399
Vivek,+917028699890
Reethu,+919886366098
Sahar Arjun,+918848016098
Zeeba Mahtani,+919945234686
Saikumar,+918919693151
Tanmay Maheshwari,+919680543802
Monodeep Bhattacharjee,+916360592526
Neelava Dutta,+917278381672
Vishu K,+919964057840
Mohd Aquif Zia ,+919113607151
Faizal,+919562018724
N/A,N/A
Suyash Somvanshi,+917980759744
Adv Mohammed Raihan,+919605789513
Naveen Narayan,+918714450619
Hekooii i,+917666079737
N/A,N/A
Nachiketh,+919099174643
Sachin Chandran ,+917995015181
Archana Reddy,+918431012990
Maneesha,+917022019964
Akshara,+917022680795
Seanelle Noronha ,+919833494918
Bobby James,+918861986379
Dhvani,+919979708755
Suraj,+919229714204
Akram Ansari,+919693030658
Prathyusha ,+919649871543
Yadev Jayachandran,+918921167783
N/A,N/A
SANJAY SHAKYA,+917354392624
Vinay,+918754560425
Livfresh ,+917676878832
Rhiddhijit Adhikari ,+918583927753
Sai vasavi n,+919742330939
Aman Gupta,+918585950569
stvitha shetty,+919972513630
Naman,+919424566964
Archie Rangwani ,+919109527811
Shruti,+919507642397
Sakthibhalan ,+917338956954
N/A,N/A
Jeevan S ,+918748901124
Vidya,+919663815759
Hitesh Pandey,+917906735321
Abhishek das,+918097234555
N/A,+918459765516
Vinay Patwal,+918174005131
Chandan,+918310053734
Ajay dobliyal,+917895039386
Paddy,+919008070433
Savad Ali,+919535612818
Vaishali ,+918999106567
Kavya R,+919663990515
N/A,+919611223502
Dr. Shivani,+918950201809
Ragul,+917339170399
Sheesham,+917082236913
Aditya Rao,+919321813593
Salum,+919731515535
Apoorva ,+918747951206
Milan Vishal ,+919731240199
Balaji,+917019120450
Travis ,+919353162033
Ani,+918299302013
Vengat,+918248107248
Venkatesh Rao,+919632266055
Utkarsh Marwaha,+917042423450
Balan,+919080043840
Azhar,+919964688529
N/A,N/A
Suman Mukherjee,+919738538488
Kaustubh Kushte,+919945933800
Aditya Kumar Keshari ,+918795743818
Mohammed Ghufran ,+919620156350
Prasanna Pradhan,+919620875096
